epoch,train_loss,val_loss,mean_dist_matches,mean_dist_non_matches
1,0.9896115,0.8790973,0.7948019,0.87080115
2,0.98898506,0.8909914,0.8322219,0.89679605
3,0.98371387,0.86294484,0.83510274,0.91487485
4,0.97491854,0.81724006,0.8457419,0.9510698
5,0.96228087,0.7759877,0.8420987,0.96584105
6,0.93696797,0.66205573,0.78440505,0.98460454
7,0.8905586,0.5973342,0.72554207,0.987761
8,0.7994184,0.5863712,0.60281813,0.9470973
9,0.7265942,0.5937288,0.56604254,0.9534022
10,0.67039406,0.6068699,0.5500882,0.9373255
11,0.66121185,0.5457913,0.4713401,0.9260683
12,0.6397768,0.5843223,0.4373629,0.88141584
13,0.6250571,0.6142817,0.46202645,0.8987904
14,0.60123503,0.5975764,0.42967996,0.8754012
15,0.58827084,0.53885347,0.4355134,0.928133
16,0.6008861,0.52415115,0.411062,0.9184206
17,0.5865198,0.54947835,0.39047074,0.87337416
18,0.5650138,0.5368946,0.37550116,0.87256986
19,0.5676593,0.524595,0.399189,0.9016313
20,0.58906907,0.5643894,0.40193868,0.85812205
21,0.57466877,0.5471285,0.41483378,0.89886665
22,0.54232013,0.51786035,0.3876185,0.8955682
23,0.5548319,0.55490273,0.38009462,0.86139035
24,0.5514472,0.52397865,0.37052974,0.8652436
25,0.5538895,0.5574123,0.37507346,0.8501234
26,0.52313566,0.5177446,0.38569847,0.8993189
27,0.5416431,0.5232487,0.39083615,0.8738992
28,0.52446127,0.48365784,0.39757726,0.9206896
29,0.5133831,0.54402393,0.3905951,0.856184
30,0.53040916,0.4710844,0.38507476,0.912193
31,0.5234609,0.510022,0.39435348,0.87930423
32,0.48047426,0.419794,0.42076957,0.9887097
33,0.46001813,0.40551242,0.43943116,0.9950511
34,0.42398906,0.38005075,0.43104258,1.0059085
35,0.4228683,0.384751,0.425802,0.98106956
36,0.41014063,0.3497728,0.40888545,1.0217386
37,0.40081772,0.32600823,0.4107906,1.0301619
38,0.3803347,0.34212482,0.39181542,1.0074123
39,0.37611395,0.3682352,0.3988192,0.9901986
40,0.35215086,0.3154906,0.38943028,1.0345472
41,0.35154203,0.30596447,0.37661275,1.0400702
42,0.3405333,0.3385729,0.41428074,1.0369312
43,0.36231166,0.3215293,0.4086208,1.0406147
44,0.3326027,0.31922728,0.38927698,1.0392648
45,0.32031313,0.33640924,0.39788997,1.0255364
46,0.3551971,0.33386686,0.35831198,1.0215098
47,0.33158994,0.2892289,0.38922766,1.0492194
48,0.3224974,0.31808522,0.38483238,1.0316612
49,0.3350536,0.29848912,0.38802853,1.071864
50,0.3309431,0.26487854,0.34743428,1.0718392
